state,year,violations,time,time2,time3,spending_2017,spending_2017m
Alabama,2011,5.0,-6,36,-216,704284.5215814065,0.7042845215814064
Arizona,2011,3.0,-6,36,-216,713468.6619928069,0.7134686619928069
Arkansas,2011,3.0,-6,36,-216,639135.7514703986,0.6391357514703986
California,2011,17.0,-6,36,-216,2788332.4897861197,2.7883324897861197
Colorado,2011,6.0,-6,36,-216,566453.7631980226,0.5664537631980227
Connecticut,2011,5.0,-6,36,-216,0.0,0.0
Delaware,2011,6.0,-6,36,-216,152560.47195017315,0.15256047195017314
Florida,2011,24.0,-6,36,-216,81728.82425902133,0.08172882425902134
Georgia,2011,18.0,-6,36,-216,219034.33873183397,0.21903433873183398
Hawaii,2011,2.0,-6,36,-216,0.0,0.0
Idaho,2011,2.0,-6,36,-216,626972.3229853427,0.6269723229853427
Illinois,2011,18.0,-6,36,-216,0.0,0.0
Indiana,2011,2.0,-6,36,-216,822831.6363102886,0.8228316363102886
Iowa,2011,2.0,-6,36,-216,53223.98979278826,0.053223989792788265
Louisiana,2011,6.0,-6,36,-216,516696.1652714736,0.5166961652714736
Maryland,2011,3.0,-6,36,-216,212974.41884244172,0.21297441884244173
Massachusetts,2011,12.0,-6,36,-216,84348.50550593717,0.08434850550593717
Michigan,2011,9.0,-6,36,-216,154023.96276323803,0.15402396276323804
Minnesota,2011,2.0,-6,36,-216,114851.8821547175,0.1148518821547175
Missouri,2011,19.0,-6,36,-216,0.0,0.0
Nebraska,2011,4.0,-6,36,-216,72251.54979794522,0.07225154979794522
Nevada,2011,4.0,-6,36,-216,602984.3682064915,0.6029843682064915
New Jersey,2011,10.0,-6,36,-216,108631.77376977757,0.10863177376977758
New Mexico,2011,1.0,-6,36,-216,752683.2415899421,0.7526832415899422
New York,2011,2.0,-6,36,-216,1188996.3839085263,1.1889963839085262
North Carolina,2011,19.0,-6,36,-216,81728.82425902133,0.08172882425902134
North Dakota,2011,2.0,-6,36,-216,57755.03580970841,0.05775503580970841
Ohio,2011,10.0,-6,36,-216,54485.882839347556,0.054485882839347556
Oklahoma,2011,1.0,-6,36,-216,710256.174340599,0.710256174340599
Oregon,2011,7.0,-6,36,-216,1826877.870355963,1.826877870355963
Pennsylvania,2011,9.0,-6,36,-216,0.0,0.0
South Carolina,2011,1.0,-6,36,-216,852669.1954707721,0.8526691954707721
South Dakota,2011,5.0,-6,36,-216,232040.1189655862,0.2320401189655862
Tennessee,2011,16.0,-6,36,-216,0.0,0.0
Texas,2011,6.0,-6,36,-216,1602471.2235761695,1.6024712235761696
Utah,2011,1.0,-6,36,-216,0.0,0.0
Virginia,2011,1.0,-6,36,-216,190700.58993771643,0.19070058993771644
Washington,2011,5.0,-6,36,-216,734201.6301308355,0.7342016301308355
Wisconsin,2011,12.0,-6,36,-216,149119.14359003995,0.14911914359003994
Alabama,2012,2.0,-5,25,-125,53120.685732205544,0.05312068573220555
Arizona,2012,2.0,-5,25,-125,181496.03212627507,0.18149603212627508
California,2012,8.0,-5,25,-125,2974694.343580407,2.974694343580407
Colorado,2012,8.0,-5,25,-125,537428.9683528316,0.5374289683528316
Delaware,2012,2.0,-5,25,-125,53381.185919492666,0.05338118591949267
Florida,2012,30.0,-5,25,-125,330292.8850057057,0.3302928850057057
Georgia,2012,18.0,-5,25,-125,0.0,0.0
Idaho,2012,3.0,-5,25,-125,638744.3239805918,0.6387443239805919
Illinois,2012,12.0,-5,25,-125,16014.3557758478,0.0160143557758478
Indiana,2012,10.0,-5,25,-125,1419891.5023911775,1.4198915023911776
Iowa,2012,11.0,-5,25,-125,0.0,0.0
Kansas,2012,14.0,-5,25,-125,53381.185919492666,0.05338118591949267
Louisiana,2012,1.0,-5,25,-125,706796.7950381979,0.7067967950381979
Massachusetts,2012,10.0,-5,25,-125,318782.8336977447,0.3187828336977447
Michigan,2012,10.0,-5,25,-125,261911.5858428356,0.2619115858428356
Minnesota,2012,6.0,-5,25,-125,112100.4904309346,0.1121004904309346
Missouri,2012,22.0,-5,25,-125,95097.5150918578,0.0950975150918578
Montana,2012,2.0,-5,25,-125,323489.9866721256,0.3234899866721256
Nebraska,2012,2.0,-5,25,-125,83206.3221164316,0.0832063221164316
New Hampshire,2012,1.0,-5,25,-125,0.0,0.0
New Jersey,2012,20.0,-5,25,-125,0.0,0.0
New Mexico,2012,1.0,-5,25,-125,766693.6885110238,0.7666936885110238
New York,2012,13.0,-5,25,-125,942706.4052196486,0.9427064052196487
North Carolina,2012,20.0,-5,25,-125,69395.54169534046,0.06939554169534046
North Dakota,2012,6.0,-5,25,-125,431751.3022117303,0.43175130221173025
Oklahoma,2012,2.0,-5,25,-125,984524.1586452607,0.9845241586452608
Oregon,2012,7.0,-5,25,-125,2168343.772049792,2.1683437720497922
Pennsylvania,2012,16.0,-5,25,-125,0.0,0.0
South Carolina,2012,1.0,-5,25,-125,221638.68393773356,0.22163868393773356
South Dakota,2012,1.0,-5,25,-125,508825.19368973054,0.5088251936897306
Texas,2012,21.0,-5,25,-125,1546925.9133949494,1.5469259133949493
Utah,2012,5.0,-5,25,-125,0.0,0.0
Washington,2012,9.0,-5,25,-125,1055480.5662168872,1.0554805662168871
Wisconsin,2012,14.0,-5,25,-125,52532.425063372735,0.05253242506337274
Alabama,2013,1.0,-4,16,-64,968034.4441248814,0.9680344441248814
Alaska,2013,1.0,-4,16,-64,156968.88953755415,0.15696888953755414
Arizona,2013,3.0,-4,16,-64,263578.9437535682,0.2635789437535682
Arkansas,2013,2.0,-4,16,-64,266112.6686899299,0.2661126686899299
California,2013,9.0,-4,16,-64,638157.7674849865,0.6381577674849864
Colorado,2013,1.0,-4,16,-64,0.0,0.0
Florida,2013,22.0,-4,16,-64,68393.73790012748,0.06839373790012748
Georgia,2013,17.0,-4,16,-64,0.0,0.0
Idaho,2013,4.0,-4,16,-64,515246.85499899124,0.5152468549989913
Indiana,2013,4.0,-4,16,-64,639883.3941027743,0.6398833941027743
Kansas,2013,2.0,-4,16,-64,0.0,0.0
Massachusetts,2013,8.0,-4,16,-64,21119.986263559367,0.021119986263559366
Michigan,2013,8.0,-4,16,-64,23148.64975081238,0.023148649750812378
Minnesota,2013,12.0,-4,16,-64,109886.64036710637,0.10988664036710638
Montana,2013,2.0,-4,16,-64,219765.91525474656,0.21976591525474656
Nebraska,2013,10.0,-4,16,-64,72586.80013908146,0.07258680013908146
New York,2013,5.0,-4,16,-64,324020.0682529394,0.3240200682529394
North Carolina,2013,18.0,-4,16,-64,121003.25330425786,0.12100325330425786
North Dakota,2013,1.0,-4,16,-64,634107.8059899466,0.6341078059899465
Oklahoma,2013,2.0,-4,16,-64,319248.2897702151,0.31924828977021513
Oregon,2013,7.0,-4,16,-64,783921.6583317951,0.7839216583317952
Pennsylvania,2013,6.0,-4,16,-64,52610.56761548269,0.05261056761548269
South Carolina,2013,2.0,-4,16,-64,500172.8751658031,0.5001728751658031
Texas,2013,5.0,-4,16,-64,836548.0091175624,0.8365480091175624
Washington,2013,5.0,-4,16,-64,857215.5444996287,0.8572155444996287
Alabama,2014,1.0,-3,9,-27,945635.1797783185,0.9456351797783185
Arizona,2014,2.0,-3,9,-27,258853.74425520413,0.25885374425520413
Arkansas,2014,2.0,-3,9,-27,449012.8818599622,0.4490128818599622
California,2014,9.0,-3,9,-27,609265.0932684509,0.6092650932684509
Colorado,2014,1.0,-3,9,-27,0.0,0.0
Florida,2014,22.0,-3,9,-27,67301.97350635307,0.06730197350635307
Georgia,2014,17.0,-3,9,-27,0.0,0.0
Idaho,2014,4.0,-3,9,-27,577295.6204379563,0.5772956204379563
Indiana,2014,4.0,-3,9,-27,655013.8686131388,0.6550138686131388
Kansas,2014,2.0,-3,9,-27,0.0,0.0
Massachusetts,2014,8.0,-3,9,-27,379583.13057583134,0.3795831305758313
Michigan,2014,8.0,-3,9,-27,283204.6336847797,0.2832046336847797
Minnesota,2014,12.0,-3,9,-27,226171.9059205191,0.22617190592051908
Montana,2014,2.0,-3,9,-27,222713.61989726956,0.22271361989726957
Nebraska,2014,10.0,-3,9,-27,77160.15950256826,0.07716015950256826
New York,2014,5.0,-3,9,-27,552971.6517977832,0.5529716517977832
North Carolina,2014,18.0,-3,9,-27,67301.97350635307,0.06730197350635307
North Dakota,2014,1.0,-3,9,-27,44911.12462827792,0.04491112462827792
Oklahoma,2014,2.0,-3,9,-27,609593.3198161665,0.6095933198161665
Oregon,2014,7.0,-3,9,-27,1511372.4628277915,1.5113724628277914
Pennsylvania,2014,6.0,-3,9,-27,0.0,0.0
South Carolina,2014,2.0,-3,9,-27,520001.9680994864,0.5200019680994864
Texas,2014,5.0,-3,9,-27,1306911.138145445,1.306911138145445
Washington,2014,5.0,-3,9,-27,833695.431197621,0.833695431197621
Alabama,2015,2.0,-2,4,-8,75495.68174434744,0.07549568174434744
Alaska,2015,0.0,-2,4,-8,71821.21383698215,0.07182121383698215
Arizona,2015,6.0,-2,4,-8,0.0,0.0
Arkansas,2015,1.0,-2,4,-8,551012.9896167786,0.5510129896167786
California,2015,21.0,-2,4,-8,298591.6264234211,0.2985916264234211
Colorado,2015,2.0,-2,4,-8,20283.517891121734,0.020283517891121733
Florida,2015,25.0,-2,4,-8,108589.67922132167,0.10858967922132166
Idaho,2015,2.0,-2,4,-8,706408.9573321744,0.7064089573321745
Indiana,2015,10.0,-2,4,-8,717642.3011007649,0.7176423011007649
Louisiana,2015,2.0,-2,4,-8,616300.2073269006,0.6163002073269006
Maine,2015,0.0,-2,4,-8,379151.72396916675,0.37915172396916674
Massachusetts,2015,7.0,-2,4,-8,431419.5562343629,0.4314195562343629
Michigan,2015,11.0,-2,4,-8,53538.84860579621,0.053538848605796205
Minnesota,2015,6.0,-2,4,-8,281938.10638055496,0.28193810638055494
Montana,2015,1.0,-2,4,-8,277947.1771223161,0.2779471771223161
Nebraska,2015,7.0,-2,4,-8,77096.60387229608,0.07709660387229608
Nevada,2015,0.0,-2,4,-8,5136.8089208790925,0.005136808920879092
New Hampshire,2015,0.0,-2,4,-8,319012.6912415565,0.3190126912415565
New Mexico,2015,2.0,-2,4,-8,517254.0096280013,0.5172540096280013
New York,2015,9.0,-2,4,-8,657131.9950889598,0.6571319950889598
North Carolina,2015,19.0,-2,4,-8,108589.67922132167,0.10858967922132166
North Dakota,2015,0.0,-2,4,-8,86688.69220351282,0.08668869220351283
Oklahoma,2015,1.0,-2,4,-8,677220.0515574832,0.6772200515574831
Oregon,2015,8.0,-2,4,-8,2052623.1336992704,2.0526231336992704
Pennsylvania,2015,26.0,-2,4,-8,0.0,0.0
South Carolina,2015,3.0,-2,4,-8,560428.2318989777,0.5604282318989776
South Dakota,2015,0.0,-2,4,-8,461745.033984904,0.461745033984904
Texas,2015,16.0,-2,4,-8,1415511.9728964588,1.415511972896459
Vermont,2015,0.0,-2,4,-8,377030.60556837695,0.377030605568377
Washington,2015,2.0,-2,4,-8,906949.2743558479,0.9069492743558478
Alabama,2016,8.0,-1,1,-1,714912.4817192832,0.7149124817192831
Alaska,2016,2.0,-1,1,-1,1039691.0943430817,1.0396910943430817
Arizona,2016,3.0,-1,1,-1,0.0,0.0
Arkansas,2016,4.0,-1,1,-1,569760.7366451812,0.5697607366451812
California,2016,46.0,-1,1,-1,0.0,0.0
Colorado,2016,2.0,-1,1,-1,251277.43907469366,0.25127743907469363
Connecticut,2016,1.0,-1,1,-1,22213.352110563443,0.022213352110563443
Idaho,2016,1.0,-1,1,-1,611423.7934726904,0.6114237934726904
Illinois,2016,36.0,-1,1,-1,20238.151053927595,0.020238151053927594
Indiana,2016,14.0,-1,1,-1,603208.4277541905,0.6032084277541905
Louisiana,2016,1.0,-1,1,-1,483678.1247213623,0.4836781247213623
Maine,2016,1.0,-1,1,-1,443501.0645522839,0.4435010645522839
Massachusetts,2016,13.0,-1,1,-1,740700.3962384431,0.7407003962384431
Michigan,2016,12.0,-1,1,-1,0.0,0.0
Minnesota,2016,5.0,-1,1,-1,158302.04952355556,0.15830204952355556
Montana,2016,1.0,-1,1,-1,207109.12465053104,0.20710912465053105
Nebraska,2016,1.0,-1,1,-1,48001.2666297233,0.0480012666297233
Nevada,2016,8.0,-1,1,-1,67916.6857633319,0.0679166857633319
New Hampshire,2016,1.0,-1,1,-1,364860.6915631628,0.36486069156316275
New Mexico,2016,2.0,-1,1,-1,446077.8133971093,0.4460778133971093
New York,2016,16.0,-1,1,-1,586412.0696479686,0.5864120696479687
North Carolina,2016,172.0,-1,1,-1,0.0,0.0
Ohio,2016,9.0,-1,1,-1,35745.62408596416,0.03574562408596416
Oklahoma,2016,1.0,-1,1,-1,573680.4996520935,0.5736804996520936
Oregon,2016,12.0,-1,1,-1,1585063.1023261822,1.585063102326182
Pennsylvania,2016,43.0,-1,1,-1,0.0,0.0
South Carolina,2016,20.0,-1,1,-1,398660.7323953051,0.39866073239530514
Texas,2016,24.0,-1,1,-1,1040641.9279437683,1.0406419279437684
Washington,2016,6.0,-1,1,-1,1224791.127592112,1.224791127592112
Arkansas,2017,7.0,0,0,0,509359.0,0.509359
California,2017,44.0,0,0,0,390000.0,0.39
Colorado,2017,5.0,0,0,0,7959.0,0.007959
Idaho,2017,9.0,0,0,0,548670.0,0.54867
Illinois,2017,84.0,0,0,0,0.0,0.0
Indiana,2017,37.0,0,0,0,880386.0,0.880386
Kentucky,2017,2.0,0,0,0,1500000.0,1.5
Louisiana,2017,4.0,0,0,0,468228.0,0.468228
Maine,2017,1.0,0,0,0,351000.0,0.351
Massachusetts,2017,25.0,0,0,0,392000.0,0.392
Michigan,2017,25.0,0,0,0,20000.0,0.02
Minnesota,2017,43.0,0,0,0,140000.0,0.14
Montana,2017,14.0,0,0,0,214000.0,0.214
Nebraska,2017,9.0,0,0,0,3000.0,0.003
Nevada,2017,1.0,0,0,0,0.0,0.0
New Hampshire,2017,2.0,0,0,0,298000.0,0.298
New Mexico,2017,1.0,0,0,0,524909.0,0.524909
New York,2017,11.0,0,0,0,654046.0,0.654046
Oklahoma,2017,5.0,0,0,0,597157.0,0.597157
Oregon,2017,23.0,0,0,0,1470050.0,1.47005
South Carolina,2017,19.0,0,0,0,483674.0,0.483674
South Dakota,2017,2.0,0,0,0,201658.0,0.201658
Texas,2017,57.0,0,0,0,1076459.0,1.076459
Vermont,2017,1.0,0,0,0,317000.0,0.317
Washington,2017,15.0,0,0,0,1341170.0,1.34117
Arkansas,2018,4.0,1,1,1,517017.9545771325,0.5170179545771325
California,2018,63.0,1,1,1,512482.7264871151,0.5124827264871151
Colorado,2018,1.0,1,1,1,9761.575742611716,0.009761575742611717
Idaho,2018,4.0,1,1,1,531908.2622149123,0.5319082622149124
Indiana,2018,14.0,1,1,1,599416.3915780922,0.5994163915780922
Kentucky,2018,2.0,1,1,1,976157.5742611715,0.9761575742611716
Louisiana,2018,2.0,1,1,1,537368.8876853294,0.5373688876853294
Maine,2018,1.0,1,1,1,305537.3207437467,0.30553732074374673
Maryland,2018,6.0,1,1,1,161065.99975309332,0.16106599975309333
Massachusetts,2018,5.0,1,1,1,379237.21760046517,0.3792372176004652
Michigan,2018,16.0,1,1,1,488078.78713058576,0.4880787871305858
Minnesota,2018,15.0,1,1,1,0.0,0.0
Montana,2018,1.0,1,1,1,208897.72089189073,0.20889772089189074
New Mexico,2018,4.0,1,1,1,461360.37816548324,0.46136037816548325
New York,2018,10.0,1,1,1,0.0,0.0
North Dakota,2018,1.0,1,1,1,147399.7937134369,0.1473997937134369
Oklahoma,2018,7.0,1,1,1,616967.704763308,0.6169677047633081
Oregon,2018,11.0,1,1,1,931935.683831992,0.931935683831992
South Carolina,2018,13.0,1,1,1,498258.15831498126,0.49825815831498127
Texas,2018,51.0,1,1,1,1050475.3788623973,1.0504753788623973
Vermont,2018,1.0,1,1,1,295287.6662140044,0.2952876662140044
Washington,2018,15.0,1,1,1,1152617.5789603635,1.1526175789603634
Wyoming,2018,2.0,1,1,1,2733.2412079312803,0.0027332412079312802
Arkansas,2019,6.0,2,4,8,497335.9649843345,0.49733596498433447
California,2019,47.0,2,4,8,669231.665864811,0.6692316658648111
Colorado,2019,17.0,2,4,8,0.0,0.0
Idaho,2019,6.0,2,4,8,538997.0743613513,0.5389970743613514
Indiana,2019,20.0,2,4,8,620908.9209370367,0.6209089209370368
Louisiana,2019,3.0,2,4,8,461990.36990968365,0.4619903699096837
Maine,2019,3.0,2,4,8,336456.69940584456,0.33645669940584455
Maryland,2019,8.0,2,4,8,158199.46256116594,0.15819946256116593
Massachusetts,2019,10.0,2,4,8,491779.80810226203,0.491779808102262
Michigan,2019,13.0,2,4,8,479392.3107914119,0.4793923107914119
Montana,2019,5.0,2,4,8,205179.9090187243,0.20517990901872432
New Hampshire,2019,3.0,2,4,8,280032.22442569537,0.28003222442569536
New Mexico,2019,2.0,2,4,8,410598.5554082227,0.4105985554082227
North Dakota,2019,18.0,2,4,8,144776.4778590064,0.1447764778590064
Oklahoma,2019,6.0,2,4,8,597896.1724498058,0.5978961724498058
Oregon,2019,8.0,2,4,8,1424263.049945826,1.424263049945826
South Carolina,2019,9.0,2,4,8,427049.38194534084,0.4270493819453408
South Dakota,2019,15.0,2,4,8,360501.1001458986,0.3605011001458986
Texas,2019,53.0,2,4,8,991841.5977657564,0.9918415977657564
Vermont,2019,2.0,2,4,8,279073.43980411254,0.27907343980411253
Washington,2019,17.0,2,4,8,1164081.5023253812,1.1640815023253812
